{"Component_List":[10000,10001,10002,10003,10004,10005],"GameObject_Type":1,"WorldMatrix":[[445.7820129394531,0.0,0.0,0.0],[0.0,369.572998046875,0.0,0.0],[0.0,0.0,0.0,0.0],[0.0,0.0,0.0,1.0]],"vScale":[445.7820129394531,369.572998046875,0.0,1.0]}
