{"Component_List":[10000,10001,10002,10003,10004,10005],"GameObject_Type":1,"WorldMatrix":[[770.427001953125,0.0,0.0,0.0],[0.0,621.0430297851563,0.0,0.0],[0.0,0.0,0.0,0.0],[194.12298583984375,-174.02801513671875,0.0,1.0]],"vScale":[770.427001953125,621.0430297851563,0.0,1.0]}
