{"Component_List":[10006,10007,10008,10009,10010,10011],"GameObject_Type":1,"WorldMatrix":[[100.0,0.0,0.0,0.0],[0.0,100.0,0.0,0.0],[0.0,0.0,0.0,0.0],[-130.427001953125,68.24600219726563,0.0,1.0]],"vScale":[100.0,100.0,0.0,1.0]}
