{"Component_List":[10012,10013,10014,10015,10016,10017],"GameObject_Type":1,"WorldMatrix":[[412.5119934082031,0.0,0.0,0.0],[0.0,262.7489929199219,0.0,0.0],[0.0,0.0,0.0,0.0],[200.19000244140625,-131.37399291992188,0.0,1.0]],"vScale":[412.5119934082031,262.7489929199219,0.0,1.0]}
