{"iCurPass":1,"iCurTextureIndex":1,"matWorld":[[461.6390075683594,0.0,0.0,0.0],[0.0,29.180999755859375,0.0,0.0],[0.0,0.0,0.0,0.0],[-300.7539978027344,198.85299682617188,0.0,1.0]],"strTextureFilePath":[[46,46,47,98,105,110,47,114,101,115,111,117,114,99,101,115,47,116,101,120,116,117,114,101,115,92,85,73,92,67,104,97,114,97,99,116,111,114,77,97,107,105,110,103,92,84,95,117,105,95,77,101,110,117,95,73,110,115,116,114,97,99,116,105,111,110,66,71,95,48,49,95,66,67,46,112,110,103]],"tFadeDesc":[0,0,0,0,4,0,0,0,1,2,-52,-52,0,0,0,0,-102,-103,-103,62,-102,-103,-103,62,0,0,0,0,0,0,-128,63,21,0,0,0],"tPhysics":[0,0,0,0,0,0,0,0,0,0,0,0,0,0,0,0,0,0,0,0,0,0,0,0,0,0,0,0,0,0,0,0,0,0,0,0,0,0,0,0,0,0,0,0,0,0,0,0,0,0,0,0,0,0,-128,64,-51,-52,28,65,0,0,0,0],"vScale":[461.6390075683594,29.180999755859375,0.0,1.0]}
