{"iCurPass":1,"iCurTextureIndex":0,"matWorld":[[477.37701416015625,0.0,0.0,0.0],[0.0,38.034000396728516,0.0,0.0],[0.0,0.0,0.0,0.0],[-301.0,153.49200439453125,0.10000000149011612,1.0]],"strTextureFilePath":[[46,46,47,98,105,110,47,114,101,115,111,117,114,99,101,115,47,116,101,120,116,117,114,101,115,92,85,73,92,67,104,97,114,97,99,116,111,114,77,97,107,105,110,103,92,84,95,85,73,95,67,111,109,109,111,110,95,82,111,108,101,73,116,101,109,95,87,105,110,84,105,116,108,101,95,66,67,46,112,110,103]],"tFadeDesc":[1,0,0,0,4,0,0,0,1,2,-52,-52,-51,-52,76,62,-102,-103,-103,62,-102,-103,-103,62,0,0,0,0,0,0,-128,63,21,0,0,0],"tPhysics":[0,0,0,0,0,0,0,0,0,0,0,0,0,0,0,0,0,0,0,0,0,0,0,0,0,0,0,0,0,0,0,0,0,0,0,0,0,0,0,0,0,0,0,0,0,0,0,0,0,0,0,0,0,0,-128,64,-51,-52,28,65,0,0,0,0],"vScale":[477.37701416015625,38.034000396728516,0.0,1.0]}
