{"iCurPass":1,"iCurTextureIndex":6,"matWorld":[[939.0159912109375,0.0,0.0,0.0],[0.0,29.506999969482422,0.0,0.0],[0.0,0.0,0.0,0.0],[4.0,-294.1810302734375,0.0,1.0]],"strTextureFilePath":[[46,46,47,98,105,110,47,114,101,115,111,117,114,99,101,115,47,116,101,120,116,117,114,101,115,92,85,73,92,67,104,97,114,97,99,116,111,114,77,97,107,105,110,103,92,67,117,115,116,111,109,105,122,105,110,103,95,84,101,120,116,95,48,46,112,110,103],[46,46,47,98,105,110,47,114,101,115,111,117,114,99,101,115,47,116,101,120,116,117,114,101,115,92,85,73,92,67,104,97,114,97,99,116,111,114,77,97,107,105,110,103,92,67,117,115,116,111,109,105,122,105,110,103,95,84,101,120,116,95,49,46,112,110,103],[46,46,47,98,105,110,47,114,101,115,111,117,114,99,101,115,47,116,101,120,116,117,114,101,115,92,85,73,92,67,104,97,114,97,99,116,111,114,77,97,107,105,110,103,92,67,117,115,116,111,109,105,122,105,110,103,95,84,101,120,116,95,50,46,112,110,103],[46,46,47,98,105,110,47,114,101,115,111,117,114,99,101,115,47,116,101,120,116,117,114,101,115,92,85,73,92,67,104,97,114,97,99,116,111,114,77,97,107,105,110,103,92,67,117,115,116,111,109,105,122,105,110,103,95,84,101,120,116,95,51,46,112,110,103],[46,46,47,98,105,110,47,114,101,115,111,117,114,99,101,115,47,116,101,120,116,117,114,101,115,92,85,73,92,67,104,97,114,97,99,116,111,114,77,97,107,105,110,103,92,67,117,115,116,111,109,105,122,105,110,103,95,84,101,120,116,95,52,46,112,110,103],[46,46,47,98,105,110,47,114,101,115,111,117,114,99,101,115,47,116,101,120,116,117,114,101,115,92,85,73,92,67,104,97,114,97,99,116,111,114,77,97,107,105,110,103,92,67,117,115,116,111,109,105,122,105,110,103,95,84,101,120,116,95,53,46,112,110,103],[46,46,47,98,105,110,47,114,101,115,111,117,114,99,101,115,47,116,101,120,116,117,114,101,115,92,85,73,92,67,104,97,114,97,99,116,111,114,77,97,107,105,110,103,92,67,117,115,116,111,109,105,122,105,110,103,95,84,101,120,116,95,54,46,112,110,103],[46,46,47,98,105,110,47,114,101,115,111,117,114,99,101,115,47,116,101,120,116,117,114,101,115,92,85,73,92,67,104,97,114,97,99,116,111,114,77,97,107,105,110,103,92,67,117,115,116,111,109,105,122,105,110,103,95,84,101,120,116,95,55,46,112,110,103]],"tFadeDesc":[0,0,0,0,4,0,0,0,1,2,-52,-52,-51,-52,-52,61,-102,-103,-103,62,-102,-103,-103,62,0,0,0,0,0,0,-128,63,21,0,0,0],"tPhysics":[0,0,0,0,0,0,0,0,0,0,0,0,0,0,0,0,0,0,0,0,0,0,0,0,0,0,0,0,0,0,0,0,0,0,0,0,0,0,0,0,0,0,0,0,0,0,0,0,0,0,0,0,0,0,-128,64,-51,-52,28,65,0,0,0,0],"vScale":[939.0159912109375,29.506999969482422,0.0,1.0]}
