{"iCurPass":1,"iCurTextureIndex":1,"matWorld":[[498.3599853515625,0.0,0.0,0.0],[0.0,400.9840087890625,0.0,0.0],[0.0,0.0,0.0,0.0],[-301.0,-18.605987548828125,0.5,1.0]],"strTextureFilePath":[[46,46,47,98,105,110,47,114,101,115,111,117,114,99,101,115,47,116,101,120,116,117,114,101,115,92,85,73,92,67,104,97,114,97,99,116,111,114,77,97,107,105,110,103,92,84,95,85,73,95,67,111,109,109,111,110,95,82,111,108,101,73,116,101,109,87,105,110,100,111,119,95,66,67,46,112,110,103]],"tFadeDesc":[1,0,0,0,4,0,0,0,1,2,-52,-52,-51,-52,-52,61,-102,-103,-103,62,-102,-103,-103,62,0,0,0,0,0,0,-128,63,21,0,0,0],"tPhysics":[0,0,0,0,0,0,0,0,0,0,0,0,0,0,0,0,0,0,0,0,0,0,0,0,0,0,0,0,0,0,0,0,0,0,0,0,0,0,0,0,0,0,0,0,0,0,0,0,0,0,0,0,0,0,-128,64,-51,-52,28,65,0,0,0,0],"vScale":[498.3599853515625,400.9840087890625,0.0,1.0]}
