{"iCurPass":1,"iCurTextureIndex":1,"matWorld":[[146.99998474121094,0.05075424537062645,0.0,0.0],[-0.05075424537062645,146.99998474121094,0.0,0.0],[0.0,0.0,0.0,0.0],[521.6080322265625,279.62200927734375,0.10000000149011612,1.0]],"strTextureFilePath":[[46,46,47,98,105,110,47,114,101,115,111,117,114,99,101,115,47,116,101,120,116,117,114,101,115,92,85,73,92,67,104,97,114,97,99,116,111,114,77,97,107,105,110,103,92,84,95,117,105,95,77,101,110,117,95,67,111,117,110,116,114,121,95,73,99,111,110,95,75,111,110,111,104,97,46,112,110,103],[46,46,47,98,105,110,47,114,101,115,111,117,114,99,101,115,47,116,101,120,116,117,114,101,115,92,85,73,92,67,104,97,114,97,99,116,111,114,77,97,107,105,110,103,92,84,95,117,105,95,77,101,110,117,95,67,111,117,110,116,114,121,95,73,99,111,110,95,83,117,110,97,46,112,110,103],[46,46,47,98,105,110,47,114,101,115,111,117,114,99,101,115,47,116,101,120,116,117,114,101,115,92,85,73,92,67,104,97,114,97,99,116,111,114,77,97,107,105,110,103,92,84,95,117,105,95,77,101,110,117,95,67,111,117,110,116,114,121,95,73,99,111,110,95,75,105,114,105,46,112,110,103],[46,46,47,98,105,110,47,114,101,115,111,117,114,99,101,115,47,116,101,120,116,117,114,101,115,92,85,73,92,67,104,97,114,97,99,116,111,114,77,97,107,105,110,103,92,84,95,117,105,95,77,101,110,117,95,67,111,117,110,116,114,121,95,73,99,111,110,95,73,119,97,46,112,110,103],[46,46,47,98,105,110,47,114,101,115,111,117,114,99,101,115,47,116,101,120,116,117,114,101,115,92,85,73,92,67,104,97,114,97,99,116,111,114,77,97,107,105,110,103,92,84,95,117,105,95,77,101,110,117,95,67,111,117,110,116,114,121,95,73,99,111,110,95,75,117,109,111,46,112,110,103]],"tFadeDesc":[0,0,0,0,4,0,0,0,2,2,-52,-52,-51,-52,76,62,0,0,0,63,-102,-103,-103,62,-102,-103,25,63,0,0,-128,63,21,0,0,0],"tPhysics":[0,0,0,0,0,0,0,0,0,0,0,0,0,0,0,0,0,0,0,0,0,0,0,0,0,0,0,0,0,0,0,0,0,0,0,0,0,0,0,0,0,0,0,0,0,0,0,0,0,0,0,0,0,0,-128,64,-51,-52,28,65,0,0,0,0],"vScale":[147.0,147.0,0.0,1.0]}
