{"iCurPass":1,"iCurTextureIndex":1,"matWorld":[[173.11399841308594,0.0,0.0,0.0],[0.0,111.80400085449219,0.0,0.0],[0.0,0.0,0.0,0.0],[-446.40899658203125,297.32598876953125,0.800000011920929,1.0]],"strTextureFilePath":[[46,46,47,98,105,110,47,114,101,115,111,117,114,99,101,115,47,116,101,120,116,117,114,101,115,92,85,73,92,67,104,97,114,97,99,116,111,114,77,97,107,105,110,103,92,84,95,117,105,95,84,105,116,108,101,95,66,71,95,80,97,114,116,115,95,49,49,95,66,67,46,112,110,103]],"tFadeDesc":[1,0,0,0,4,0,0,0,2,2,-52,-52,-51,-52,76,62,-102,-103,-103,62,-102,-103,-103,62,-51,-52,76,63,0,0,-128,63,21,0,0,0],"tPhysics":[0,0,0,0,0,0,0,0,0,0,0,0,0,0,0,0,0,0,0,0,0,0,0,0,0,0,0,0,0,0,0,0,0,0,0,0,0,0,0,0,0,0,0,0,0,0,0,0,0,0,0,0,0,0,-128,64,-51,-52,28,65,0,0,0,0],"vScale":[173.11399841308594,111.80400085449219,0.0,1.0]}
