{"iCurPass":1,"iCurTextureIndex":1,"matWorld":[[629.5089721679688,0.0,0.0,0.0],[0.0,23.277999877929688,0.0,0.0],[0.0,0.0,0.0,0.0],[-291.7699890136719,199.0,0.0,1.0]],"strTextureFilePath":[[46,46,47,98,105,110,47,114,101,115,111,117,114,99,101,115,47,116,101,120,116,117,114,101,115,92,85,73,92,67,104,97,114,97,99,116,111,114,77,97,107,105,110,103,92,84,101,120,116,92,83,101,116,116,105,110,103,79,117,116,102,105,116,46,112,110,103],[46,46,47,98,105,110,47,114,101,115,111,117,114,99,101,115,47,116,101,120,116,117,114,101,115,92,85,73,92,67,104,97,114,97,99,116,111,114,77,97,107,105,110,103,92,84,101,120,116,92,80,97,114,116,115,46,112,110,103]],"tFadeDesc":[1,0,0,0,4,0,0,0,1,2,-52,-52,0,0,0,0,-102,-103,-103,62,-102,-103,-103,62,0,0,0,0,0,0,-128,63,21,0,0,0],"tPhysics":[0,0,0,0,0,0,0,0,0,0,0,0,0,0,0,0,0,0,0,0,0,0,0,0,0,0,0,0,0,0,0,0,0,0,0,0,0,0,0,0,0,0,0,0,0,0,0,0,0,0,0,0,0,0,-128,64,-51,-52,28,65,0,0,0,0],"vScale":[629.5089721679688,23.277999877929688,0.0,1.0]}
