{"iCurPass":1,"iCurTextureIndex":0,"matWorld":[[425.2460021972656,0.0,0.0,0.0],[0.0,38.03300094604492,0.0,0.0],[0.0,0.0,0.0,0.0],[-302.0159912109375,113.18099975585938,0.0,1.0]],"strTextureFilePath":[[46,46,47,98,105,110,47,114,101,115,111,117,114,99,101,115,47,116,101,120,116,117,114,101,115,92,85,73,92,66,117,116,116,111,110,92,84,95,117,105,95,77,101,110,117,95,66,116,110,95,48,50,95,68,101,102,95,66,67,46,112,110,103],[46,46,47,98,105,110,47,114,101,115,111,117,114,99,101,115,47,116,101,120,116,117,114,101,115,92,85,73,92,66,117,116,116,111,110,92,84,95,117,105,95,77,101,110,117,95,66,116,110,95,48,50,95,83,101,108,95,66,67,46,112,110,103]],"tFadeDesc":[1,0,0,0,4,0,0,0,1,2,-52,-52,0,0,-128,62,-102,-103,-103,62,-102,-103,-103,62,-51,-52,76,61,0,0,-128,63,21,0,0,0],"tPhysics":[0,0,0,0,0,0,0,0,0,0,0,0,0,0,0,0,0,0,0,0,0,0,0,0,0,0,0,0,0,0,0,0,0,0,0,0,0,0,0,0,0,0,0,0,0,0,0,0,0,0,0,0,0,0,-128,64,-51,-52,28,65,0,0,0,0],"vScale":[425.2460021972656,38.03300094604492,0.0,1.0]}
