{"iCurPass":1,"iCurTextureIndex":1,"matWorld":[[131.14700317382813,0.0,0.0,0.0],[0.0,85.24700164794922,0.0,0.0],[0.0,0.0,0.0,0.0],[-409.19598388671875,326.7860107421875,0.699999988079071,1.0]],"strTextureFilePath":[[46,46,47,98,105,110,47,114,101,115,111,117,114,99,101,115,47,116,101,120,116,117,114,101,115,92,85,73,92,67,104,97,114,97,99,116,111,114,77,97,107,105,110,103,92,84,95,117,105,95,84,105,116,108,101,95,66,71,95,80,97,114,116,115,95,48,54,95,66,67,46,112,110,103]],"tFadeDesc":[1,0,0,0,4,0,0,0,2,2,-52,-52,-51,-52,76,62,-102,-103,-103,62,-102,-103,-103,62,-51,-52,76,63,0,0,-128,63,21,0,0,0],"tPhysics":[0,0,0,0,0,0,0,0,0,0,0,0,0,0,0,0,0,0,0,0,0,0,0,0,0,0,0,0,0,0,0,0,0,0,0,0,0,0,0,0,0,0,0,0,0,0,0,0,0,0,0,0,0,0,-128,64,-51,-52,28,65,0,0,0,0],"vScale":[131.14700317382813,85.24700164794922,0.0,1.0]}
