{"iCurPass":1,"iCurTextureIndex":1,"matWorld":[[388.1960144042969,0.0,0.0,0.0],[0.0,49.83700180053711,0.0,0.0],[0.0,0.0,0.0,0.0],[-301.0,149.59100341796875,0.0,1.0]],"strTextureFilePath":[[46,46,47,98,105,110,47,114,101,115,111,117,114,99,101,115,47,116,101,120,116,117,114,101,115,92,85,73,92,66,117,116,116,111,110,92,84,95,117,105,95,77,101,110,117,95,66,116,110,95,48,48,95,68,101,102,95,66,67,46,112,110,103],[46,46,47,98,105,110,47,114,101,115,111,117,114,99,101,115,47,116,101,120,116,117,114,101,115,92,85,73,92,66,117,116,116,111,110,92,84,95,117,105,95,77,101,110,117,95,66,116,110,95,48,48,95,83,101,108,95,66,67,46,112,110,103],[46,46,47,98,105,110,47,114,101,115,111,117,114,99,101,115,47,116,101,120,116,117,114,101,115,92,85,73,92,66,117,116,116,111,110,92,84,95,117,105,95,77,101,110,117,95,66,116,110,95,48,48,95,83,101,108,95,69,102,102,101,99,116,95,66,67,46,112,110,103]],"tFadeDesc":[1,0,0,0,4,0,0,0,1,2,-52,-52,0,0,0,0,-102,-103,-103,62,-102,-103,-103,62,0,0,0,0,0,0,-128,63,21,0,0,0],"tPhysics":[0,0,0,0,0,0,0,0,0,0,0,0,0,0,0,0,0,0,0,0,0,0,0,0,0,0,0,0,0,0,0,0,0,0,0,0,0,0,0,0,0,0,0,0,0,0,0,0,0,0,0,0,0,0,-128,64,-51,-52,28,65,0,0,0,0],"vScale":[388.1960144042969,49.83700180053711,0.0,1.0]}
