{"iCurPass":1,"iCurTextureIndex":1,"matWorld":[[85.0,0.0,0.0,0.0],[0.0,85.0,0.0,0.0],[0.0,0.0,0.0,0.0],[-300.6990661621094,-165.2059326171875,0.10000000149011612,1.0]],"strTextureFilePath":[[46,46,47,98,105,110,47,114,101,115,111,117,114,99,101,115,47,116,101,120,116,117,114,101,115,92,85,73,92,73,110,71,97,109,101,92,77,105,110,105,109,97,112,92,84,95,85,73,95,70,108,97,103,95,66,108,117,101,95,66,67,46,112,110,103],[46,46,47,98,105,110,47,114,101,115,111,117,114,99,101,115,47,116,101,120,116,117,114,101,115,92,85,73,92,73,110,71,97,109,101,92,77,105,110,105,109,97,112,92,84,95,85,73,95,66,111,115,115,95,66,67,46,112,110,103]],"tFadeDesc":[0,0,0,0,4,0,0,0,1,2,-52,-52,-51,-52,76,62,0,0,0,0,0,0,-128,63,0,0,0,0,0,0,-128,63,21,0,0,0],"tPhysics":[0,0,0,0,0,0,0,0,0,0,0,0,0,0,0,0,0,0,0,0,0,0,0,0,0,0,0,0,0,0,0,0,0,0,0,0,0,0,0,0,0,0,0,0,0,0,0,0,0,0,0,0,0,0,-64,63,-51,-52,28,65,0,0,0,0],"vScale":[85.0,85.0,0.0,1.0]}
