{"iCurPass":6,"iCurTextureIndex":0,"matWorld":[[43.5,0.0,0.0,0.0],[0.0,43.5,0.0,0.0],[0.0,0.0,0.0,0.0],[367.22900390625,-270.927001953125,0.05000000074505806,1.0]],"strTextureFilePath":[[46,46,47,98,105,110,47,114,101,115,111,117,114,99,101,115,47,116,101,120,116,117,114,101,115,92,85,73,92,73,110,71,97,109,101,92,83,107,105,108,108,73,99,111,110,92,84,95,85,73,95,67,108,111,110,101,95,66,67,46,112,110,103]],"tFadeDesc":[0,0,0,0,4,0,0,0,1,0,-4,-123,0,0,-128,63,0,0,-128,63,0,0,-128,63,0,0,-128,63,0,0,-128,63,53,0,0,0],"tPhysics":[0,0,0,0,0,0,0,0,0,0,0,0,0,0,0,0,0,0,0,0,0,0,0,0,0,0,0,0,0,0,0,0,0,0,0,0,0,0,0,0,0,0,0,0,0,0,0,0,0,0,0,0,0,0,-64,63,-51,-52,28,65,0,0,0,0],"vScale":[43.5,43.5,0.0,1.0]}
