{"iCurPass":1,"iCurTextureIndex":0,"matWorld":[[152.76248168945313,102.7409439086914,0.0,0.0],[-27.812490463256836,41.3532600402832,0.0,0.0],[0.0,0.0,0.0,0.0],[360.72198486328125,90.67098999023438,0.0,1.0]],"strTextureFilePath":[[46,46,47,98,105,110,47,114,101,115,111,117,114,99,101,115,47,116,101,120,116,117,114,101,115,92,85,73,92,73,110,71,97,109,101,92,67,111,109,98,111,92,84,95,85,73,95,65,110,110,111,117,110,99,101,95,72,105,116,95,83,109,97,108,108,95,76,79,67,76,46,112,110,103]],"tFadeDesc":[0,0,0,0,4,0,0,0,2,1,-4,-123,0,0,0,0,-51,-52,-52,61,-51,-52,-52,61,0,0,0,64,-94,23,-113,-74,21,0,0,0],"tPhysics":[0,0,0,0,0,0,0,0,0,0,0,0,0,0,0,0,0,0,0,0,0,0,0,0,0,0,0,0,0,0,0,0,0,0,0,0,0,0,0,0,0,0,0,0,0,0,0,0,0,0,0,0,0,0,-64,63,-51,-52,28,65,0,0,0,0],"vScale":[184.09800720214844,49.83599853515625,0.0,1.0]}
