{"iCurPass":3,"iCurTextureIndex":0,"matWorld":[[159.998779296875,0.0,0.0,0.0],[0.0,159.998779296875,0.0,0.0],[0.0,0.0,0.0,0.0],[491.1309814453125,-266.5570068359375,0.0,1.0]],"strTextureFilePath":[[46,46,47,98,105,110,47,114,101,115,111,117,114,99,101,115,47,116,101,120,116,117,114,101,115,92,85,73,92,73,110,71,97,109,101,92,77,105,110,105,109,97,112,92,73,99,111,110,69,102,102,101,99,116,92,84,95,85,73,95,79,98,106,101,99,116,73,99,111,110,95,71,97,117,103,101,95,82,105,110,103,95,70,88,46,112,110,103]],"tFadeDesc":[2,0,0,0,4,0,0,0,2,1,-4,-123,0,0,0,0,0,0,0,0,-51,-52,-52,62,0,0,0,0,1,24,-128,-73,21,0,0,0],"tPhysics":[0,0,0,0,0,0,0,0,0,0,0,0,0,0,0,0,0,0,0,0,0,0,0,0,0,0,0,0,0,0,0,0,0,0,0,0,0,0,0,0,0,0,0,0,0,0,0,0,0,0,0,0,0,0,-64,63,-51,-52,28,65,0,0,0,0],"vScale":[159.998779296875,159.998779296875,0.0,1.0]}
