{"iCurPass":1,"iCurTextureIndex":0,"matWorld":[[53.93778991699219,36.27279281616211,0.0,0.0],[-44.64347839355469,66.38493347167969,0.0,0.0],[0.0,0.0,0.0,0.0],[217.114990234375,14.85101318359375,0.0,1.0]],"strTextureFilePath":[[46,46,47,98,105,110,47,114,101,115,111,117,114,99,101,115,47,116,101,120,116,117,114,101,115,92,85,73,92,73,110,71,97,109,101,92,67,111,109,98,111,92,84,95,85,73,95,65,110,110,111,117,110,99,101,95,72,105,116,95,68,105,103,105,116,95,95,48,48,48,48,95,48,46,112,110,103],[46,46,47,98,105,110,47,114,101,115,111,117,114,99,101,115,47,116,101,120,116,117,114,101,115,92,85,73,92,73,110,71,97,109,101,92,67,111,109,98,111,92,84,95,85,73,95,65,110,110,111,117,110,99,101,95,72,105,116,95,68,105,103,105,116,95,95,48,48,48,56,95,49,46,112,110,103],[46,46,47,98,105,110,47,114,101,115,111,117,114,99,101,115,47,116,101,120,116,117,114,101,115,92,85,73,92,73,110,71,97,109,101,92,67,111,109,98,111,92,84,95,85,73,95,65,110,110,111,117,110,99,101,95,72,105,116,95,68,105,103,105,116,95,95,48,48,48,55,95,50,46,112,110,103],[46,46,47,98,105,110,47,114,101,115,111,117,114,99,101,115,47,116,101,120,116,117,114,101,115,92,85,73,92,73,110,71,97,109,101,92,67,111,109,98,111,92,84,95,85,73,95,65,110,110,111,117,110,99,101,95,72,105,116,95,68,105,103,105,116,95,95,48,48,48,54,95,51,46,112,110,103],[46,46,47,98,105,110,47,114,101,115,111,117,114,99,101,115,47,116,101,120,116,117,114,101,115,92,85,73,92,73,110,71,97,109,101,92,67,111,109,98,111,92,84,95,85,73,95,65,110,110,111,117,110,99,101,95,72,105,116,95,68,105,103,105,116,95,95,48,48,48,53,95,52,46,112,110,103],[46,46,47,98,105,110,47,114,101,115,111,117,114,99,101,115,47,116,101,120,116,117,114,101,115,92,85,73,92,73,110,71,97,109,101,92,67,111,109,98,111,92,84,95,85,73,95,65,110,110,111,117,110,99,101,95,72,105,116,95,68,105,103,105,116,95,95,48,48,48,52,95,53,46,112,110,103],[46,46,47,98,105,110,47,114,101,115,111,117,114,99,101,115,47,116,101,120,116,117,114,101,115,92,85,73,92,73,110,71,97,109,101,92,67,111,109,98,111,92,84,95,85,73,95,65,110,110,111,117,110,99,101,95,72,105,116,95,68,105,103,105,116,95,95,48,48,48,51,95,54,46,112,110,103],[46,46,47,98,105,110,47,114,101,115,111,117,114,99,101,115,47,116,101,120,116,117,114,101,115,92,85,73,92,73,110,71,97,109,101,92,67,111,109,98,111,92,84,95,85,73,95,65,110,110,111,117,110,99,101,95,72,105,116,95,68,105,103,105,116,95,95,48,48,48,50,95,55,46,112,110,103],[46,46,47,98,105,110,47,114,101,115,111,117,114,99,101,115,47,116,101,120,116,117,114,101,115,92,85,73,92,73,110,71,97,109,101,92,67,111,109,98,111,92,84,95,85,73,95,65,110,110,111,117,110,99,101,95,72,105,116,95,68,105,103,105,116,95,95,48,48,48,49,95,56,46,112,110,103],[46,46,47,98,105,110,47,114,101,115,111,117,114,99,101,115,47,116,101,120,116,117,114,101,115,92,85,73,92,73,110,71,97,109,101,92,67,111,109,98,111,92,84,95,85,73,95,65,110,110,111,117,110,99,101,95,72,105,116,95,68,105,103,105,116,95,95,48,48,48,48,95,57,46,112,110,103]],"tFadeDesc":[2,0,0,0,4,0,0,0,2,3,-4,-123,0,0,0,0,-51,-52,-52,61,-51,-52,-52,61,0,0,0,64,0,0,-128,63,21,0,0,0],"tPhysics":[0,0,0,0,0,0,0,0,0,0,0,0,0,0,0,0,0,0,0,0,0,0,0,0,0,0,0,0,0,0,0,0,0,0,0,0,0,0,0,0,0,0,0,0,0,0,0,0,0,0,0,0,0,0,-64,63,-51,-52,28,65,0,0,0,0],"vScale":[65.0,80.0,0.0,1.0]}
