{"iCurPass":11,"iCurTextureIndex":10,"matWorld":[[1280.0,0.0,0.0,0.0],[0.0,33.0,0.0,0.0],[0.0,0.0,0.0,0.0],[-470.1309814453125,-152.4429931640625,0.0,1.0]],"strTextureFilePath":[[46,46,47,98,105,110,47,114,101,115,111,117,114,99,101,115,47,116,101,120,116,117,114,101,115,92,85,73,92,73,110,71,97,109,101,92,77,105,115,115,105,111,110,92,68,105,97,108,111,103,95,48,46,112,110,103],[46,46,47,98,105,110,47,114,101,115,111,117,114,99,101,115,47,116,101,120,116,117,114,101,115,92,85,73,92,73,110,71,97,109,101,92,77,105,115,115,105,111,110,92,68,105,97,108,111,103,95,49,46,112,110,103],[46,46,47,98,105,110,47,114,101,115,111,117,114,99,101,115,47,116,101,120,116,117,114,101,115,92,85,73,92,73,110,71,97,109,101,92,77,105,115,115,105,111,110,92,68,105,97,108,111,103,95,50,46,112,110,103],[46,46,47,98,105,110,47,114,101,115,111,117,114,99,101,115,47,116,101,120,116,117,114,101,115,92,85,73,92,73,110,71,97,109,101,92,77,105,115,115,105,111,110,92,68,105,97,108,111,103,95,51,46,112,110,103],[46,46,47,98,105,110,47,114,101,115,111,117,114,99,101,115,47,116,101,120,116,117,114,101,115,92,85,73,92,73,110,71,97,109,101,92,77,105,115,115,105,111,110,92,68,105,97,108,111,103,95,52,46,112,110,103],[46,46,47,98,105,110,47,114,101,115,111,117,114,99,101,115,47,116,101,120,116,117,114,101,115,92,85,73,92,73,110,71,97,109,101,92,77,105,115,115,105,111,110,92,68,105,97,108,111,103,95,53,46,112,110,103],[46,46,47,98,105,110,47,114,101,115,111,117,114,99,101,115,47,116,101,120,116,117,114,101,115,92,85,73,92,73,110,71,97,109,101,92,77,105,115,115,105,111,110,92,68,105,97,108,111,103,95,54,46,112,110,103],[46,46,47,98,105,110,47,114,101,115,111,117,114,99,101,115,47,116,101,120,116,117,114,101,115,92,85,73,92,73,110,71,97,109,101,92,77,105,115,115,105,111,110,92,68,105,97,108,111,103,95,55,46,112,110,103],[46,46,47,98,105,110,47,114,101,115,111,117,114,99,101,115,47,116,101,120,116,117,114,101,115,92,85,73,92,73,110,71,97,109,101,92,77,105,115,115,105,111,110,92,68,105,97,108,111,103,95,56,46,112,110,103],[46,46,47,98,105,110,47,114,101,115,111,117,114,99,101,115,47,116,101,120,116,117,114,101,115,92,85,73,92,73,110,71,97,109,101,92,77,105,115,115,105,111,110,92,68,105,97,108,111,103,95,57,46,112,110,103],[46,46,47,98,105,110,47,114,101,115,111,117,114,99,101,115,47,116,101,120,116,117,114,101,115,92,85,73,92,73,110,71,97,109,101,92,77,105,115,115,105,111,110,92,68,105,97,108,111,103,95,49,48,46,112,110,103]],"tFadeDesc":[0,0,0,0,4,0,0,0,2,1,-4,-123,0,0,0,0,-102,-103,-103,62,-102,-103,-103,62,0,0,-96,64,0,0,-128,63,21,0,0,0],"tPhysics":[0,0,0,0,0,0,0,0,0,0,0,0,0,0,0,0,0,0,0,0,0,0,0,0,0,0,0,0,0,0,0,0,0,0,0,0,0,0,0,0,0,0,0,0,0,0,0,0,0,0,0,0,0,0,-64,63,-51,-52,28,65,0,0,0,0],"vScale":[1280.0,33.0,0.0,1.0]}
