{"iCurPass":1,"iCurTextureIndex":1,"matWorld":[[1280.0,0.0,0.0,0.0],[0.0,26.229000091552734,0.0,0.0],[0.0,0.0,0.0,0.0],[-469.62200927734375,261.5740051269531,0.0,1.0]],"strTextureFilePath":[[46,46,47,98,105,110,47,114,101,115,111,117,114,99,101,115,47,116,101,120,116,117,114,101,115,92,85,73,92,73,110,71,97,109,101,92,77,105,115,115,105,111,110,92,73,110,116,114,111,84,101,120,116,95,73,110,102,111,95,48,46,112,110,103],[46,46,47,98,105,110,47,114,101,115,111,117,114,99,101,115,47,116,101,120,116,117,114,101,115,92,85,73,92,73,110,71,97,109,101,92,77,105,115,115,105,111,110,92,73,110,116,114,111,84,101,120,116,95,73,110,102,111,95,49,46,112,110,103]],"tFadeDesc":[0,0,0,0,4,0,0,0,2,2,-52,-52,0,0,0,0,0,0,0,63,0,0,0,63,0,0,0,0,0,0,-128,63,21,0,0,0],"tPhysics":[0,0,0,0,0,0,0,0,0,0,0,0,0,0,0,0,0,0,0,0,0,0,0,0,0,0,0,0,0,0,0,0,0,0,0,0,0,0,0,0,0,0,0,0,0,0,0,0,0,0,0,0,0,0,-64,63,-51,-52,28,65,0,0,0,0],"vScale":[1280.0,26.229000091552734,0.0,1.0]}
