{"iCurPass":1,"iCurTextureIndex":1,"matWorld":[[1022.9509887695313,0.0,0.0,0.0],[0.0,37.0,0.0,0.0],[0.0,0.0,0.0,0.0],[-506.0980224609375,292.17999267578125,0.0,1.0]],"strTextureFilePath":[[46,46,47,98,105,110,47,114,101,115,111,117,114,99,101,115,47,116,101,120,116,117,114,101,115,92,85,73,92,73,110,71,97,109,101,92,77,105,115,115,105,111,110,92,73,110,116,114,111,84,101,120,116,95,84,105,116,108,101,95,48,46,112,110,103],[46,46,47,98,105,110,47,114,101,115,111,117,114,99,101,115,47,116,101,120,116,117,114,101,115,92,85,73,92,73,110,71,97,109,101,92,77,105,115,115,105,111,110,92,73,110,116,114,111,84,101,120,116,95,84,105,116,108,101,95,49,46,112,110,103]],"tFadeDesc":[0,0,0,0,4,0,0,0,2,2,-52,-52,0,0,0,0,0,0,0,63,0,0,0,63,0,0,0,0,0,0,-128,63,21,0,0,0],"tPhysics":[0,0,0,0,0,0,0,0,0,0,0,0,0,0,0,0,0,0,0,0,0,0,0,0,0,0,0,0,0,0,0,0,0,0,0,0,0,0,0,0,0,0,0,0,0,0,0,0,0,0,0,0,0,0,-64,63,-51,-52,28,65,0,0,0,0],"vScale":[1022.9509887695313,37.0,0.0,1.0]}
