{"iCurPass":1,"iCurTextureIndex":1,"matWorld":[[200.0,0.0,0.0,0.0],[0.0,29.180999755859375,0.0,0.0],[0.0,0.0,0.0,0.0],[493.345947265625,-188.85400390625,0.0,1.0]],"strTextureFilePath":[[46,46,47,98,105,110,47,114,101,115,111,117,114,99,101,115,47,116,101,120,116,117,114,101,115,92,85,73,92,83,119,105,116,99,104,84,121,112,101,92,84,95,85,73,95,82,111,108,108,84,101,120,116,73,99,111,110,95,115,101,109,46,112,110,103],[46,46,47,98,105,110,47,114,101,115,111,117,114,99,101,115,47,116,101,120,116,117,114,101,115,92,85,73,92,83,119,105,116,99,104,84,121,112,101,92,84,95,85,73,95,82,111,108,108,84,101,120,116,73,99,111,110,95,115,104,97,46,112,110,103],[46,46,47,98,105,110,47,114,101,115,111,117,114,99,101,115,47,116,101,120,116,117,114,101,115,92,85,73,92,83,119,105,116,99,104,84,121,112,101,92,84,95,85,73,95,82,111,108,108,84,101,120,116,73,99,111,110,95,109,97,109,46,112,110,103],[46,46,47,98,105,110,47,114,101,115,111,117,114,99,101,115,47,116,101,120,116,117,114,101,115,92,85,73,92,83,119,105,116,99,104,84,121,112,101,92,84,95,85,73,95,82,111,108,108,84,101,120,116,73,99,111,110,95,105,121,97,46,112,110,103]],"tFadeDesc":[1,0,0,0,4,0,0,0,1,2,-52,-52,0,0,0,0,-102,-103,-103,62,-102,-103,-103,62,0,0,0,0,0,0,-128,63,21,0,0,0],"tPhysics":[0,0,0,0,0,0,0,0,0,0,0,0,0,0,0,0,0,0,0,0,0,0,0,0,0,0,0,0,0,0,0,0,0,0,0,0,0,0,0,0,0,0,0,0,0,0,0,0,0,0,0,0,0,0,-64,63,-51,-52,28,65,0,0,0,0],"vScale":[200.0,29.180999755859375,0.0,1.0]}
