{"iCurPass":1,"iCurTextureIndex":1,"matWorld":[[624.2620239257813,0.0,0.0,0.0],[0.0,50.16400146484375,0.0,0.0],[0.0,0.0,0.0,0.0],[0.0,265.572998046875,0.20000000298023224,1.0]],"strTextureFilePath":[[46,46,47,98,105,110,47,114,101,115,111,117,114,99,101,115,47,116,101,120,116,117,114,101,115,92,85,73,92,73,110,71,97,109,101,92,77,105,115,115,105,111,110,92,77,105,115,115,105,111,110,84,105,116,108,101,95,66,97,115,101,46,112,110,103]],"tFadeDesc":[0,0,0,0,1,0,0,0,1,1,-52,-52,0,0,-128,64,0,0,-128,62,-51,-52,76,62,0,0,32,65,113,-27,56,-74,21,0,0,0],"tPhysics":[0,0,0,0,0,0,0,0,0,0,0,0,0,0,0,0,0,0,0,0,0,0,0,0,0,0,0,0,0,0,0,0,0,0,0,0,0,0,0,0,0,0,0,0,0,0,0,0,0,0,0,0,0,0,-64,63,-51,-52,28,65,0,0,0,0],"vScale":[624.2620239257813,50.16400146484375,0.0,1.0]}
