{"iCurPass":1,"iCurTextureIndex":0,"matWorld":[[257.2341003417969,173.00466918945313,0.0,0.0],[-55.80784225463867,82.97882080078125,0.0,0.0],[0.0,0.0,0.0,0.0],[272.7869873046875,62.114013671875,0.0,1.0]],"strTextureFilePath":[[46,46,47,98,105,110,47,114,101,115,111,117,114,99,101,115,47,116,101,120,116,117,114,101,115,92,85,73,92,73,110,71,97,109,101,92,67,111,109,98,111,92,84,95,85,73,95,65,110,110,111,117,110,99,101,95,72,105,116,95,84,101,120,116,95,76,79,67,76,95,48,46,112,110,103]],"tFadeDesc":[2,0,0,0,4,0,0,0,2,3,-4,-123,0,0,0,0,-51,-52,-52,61,-51,-52,-52,61,0,0,0,64,0,0,-128,63,21,0,0,0],"tPhysics":[0,0,0,0,0,0,0,0,0,0,0,0,0,0,0,0,0,0,0,0,0,0,0,0,0,0,0,0,0,0,0,0,0,0,0,0,0,0,0,0,0,0,0,0,0,0,0,0,0,0,0,0,0,0,-64,63,-51,-52,28,65,0,0,0,0],"vScale":[310.0,100.0,0.0,1.0]}
