{"iCurPass":1,"iCurTextureIndex":1,"matWorld":[[130.0,0.0,0.0,0.0],[0.0,40.0,0.0,0.0],[0.0,0.0,0.0,0.0],[525.3599853515625,298.17999267578125,0.0,1.0]],"strTextureFilePath":[[46,46,47,98,105,110,47,114,101,115,111,117,114,99,101,115,47,116,101,120,116,117,114,101,115,92,85,73,92,73,110,71,97,109,101,92,104,117,100,92,84,95,85,73,95,69,120,116,101,110,100,84,105,109,101,95,78,117,109,95,67,111,108,111,110,46,112,110,103]],"tFadeDesc":[0,0,0,0,4,0,0,0,1,0,-4,-123,0,0,-128,63,0,0,-128,63,0,0,-128,63,0,0,-128,63,0,0,0,0,53,0,0,0],"tPhysics":[0,0,0,0,0,0,0,0,0,0,0,0,0,0,0,0,0,0,0,0,0,0,0,0,0,0,0,0,0,0,0,0,0,0,0,0,0,0,0,0,0,0,0,0,0,0,0,0,0,0,0,0,0,0,-64,63,-51,-52,28,65,0,0,0,0],"vScale":[130.0,40.0,0.0,1.0]}
