{"iCurPass":1,"iCurTextureIndex":1,"matWorld":[[456.72100830078125,0.0,0.0,0.0],[0.0,67.54100036621094,0.0,0.0],[0.0,0.0,0.0,0.0],[-390.95098876953125,229.06600952148438,0.0,1.0]],"strTextureFilePath":[[46,46,47,98,105,110,47,114,101,115,111,117,114,99,101,115,47,116,101,120,116,117,114,101,115,92,85,73,92,73,110,71,97,109,101,92,77,105,115,115,105,111,110,92,66,111,115,115,78,97,109,101,49,46,112,110,103],[46,46,47,98,105,110,47,114,101,115,111,117,114,99,101,115,47,116,101,120,116,117,114,101,115,92,85,73,92,73,110,71,97,109,101,92,77,105,115,115,105,111,110,92,66,111,115,115,78,97,109,101,50,46,112,110,103]],"tFadeDesc":[0,0,0,0,4,0,0,0,2,2,-52,-52,0,0,0,0,-102,-103,-103,62,-102,-103,-103,62,0,0,0,0,0,0,-128,63,21,0,0,0],"tPhysics":[0,0,0,0,0,0,0,0,0,0,0,0,0,0,0,0,0,0,0,0,0,0,0,0,0,0,0,0,0,0,0,0,0,0,0,0,0,0,0,0,0,0,0,0,0,0,0,0,0,0,0,0,0,0,-64,63,-51,-52,28,65,0,0,0,0],"vScale":[456.72100830078125,67.54100036621094,0.0,1.0]}
