{"iCurPass":11,"iCurTextureIndex":0,"matWorld":[[519.6719970703125,0.0,0.0,0.0],[0.0,102.9520034790039,0.0,0.0],[0.0,0.0,0.0,0.0],[-511.63836669921875,-162.197021484375,0.20000000298023224,1.0]],"strTextureFilePath":[[46,46,47,98,105,110,47,114,101,115,111,117,114,99,101,115,47,116,101,120,116,117,114,101,115,92,85,73,92,73,110,71,97,109,101,92,77,105,115,115,105,111,110,92,84,95,117,105,95,77,101,110,117,95,68,97,105,108,111,103,95,65,99,113,117,105,114,101,95,66,67,46,112,110,103]],"tFadeDesc":[1,0,0,0,4,0,0,0,2,1,-4,-123,0,0,0,0,-102,-103,-103,62,-102,-103,-103,62,0,0,-96,64,-65,-24,87,-73,21,0,0,0],"tPhysics":[0,0,0,0,0,0,0,0,0,0,0,0,0,0,0,0,0,0,0,0,0,0,0,0,0,0,0,0,0,0,0,0,0,0,0,0,0,0,0,0,0,0,0,0,0,0,0,0,0,0,0,0,0,0,-64,63,-51,-52,28,65,0,0,0,0],"vScale":[519.6719970703125,102.9520034790039,0.0,1.0]}
