{"iCurPass":6,"iCurTextureIndex":18,"matWorld":[[53.0,0.0,0.0,0.0],[0.0,53.0,0.0,0.0],[0.0,0.0,0.0,0.0],[491.1309814453125,-266.927001953125,0.05000000074505806,1.0]],"strTextureFilePath":[[46,46,47,98,105,110,47,114,101,115,111,117,114,99,101,115,47,116,101,120,116,117,114,101,115,92,85,73,92,73,110,71,97,109,101,92,83,107,105,108,108,73,99,111,110,92,84,95,85,73,95,83,107,105,108,108,95,82,97,115,101,110,103,97,110,95,66,67,46,112,110,103],[46,46,47,98,105,110,47,114,101,115,111,117,114,99,101,115,47,116,101,120,116,117,114,101,115,92,85,73,92,73,110,71,97,109,101,92,83,107,105,108,108,73,99,111,110,92,84,95,85,73,95,83,107,105,108,108,95,67,104,105,100,111,114,105,95,66,67,46,112,110,103],[46,46,47,98,105,110,47,114,101,115,111,117,114,99,101,115,47,116,101,120,116,117,114,101,115,92,85,73,92,73,110,71,97,109,101,92,83,107,105,108,108,73,99,111,110,92,84,95,85,73,95,83,107,105,108,108,95,68,51,49,78,74,50,95,66,67,46,112,110,103],[46,46,47,98,105,110,47,114,101,115,111,117,114,99,101,115,47,116,101,120,116,117,114,101,115,92,85,73,92,73,110,71,97,109,101,92,83,107,105,108,108,73,99,111,110,92,84,95,85,73,95,83,107,105,108,108,95,70,105,114,101,66,97,108,108,95,66,67,46,112,110,103],[46,46,47,98,105,110,47,114,101,115,111,117,114,99,101,115,47,116,101,120,116,117,114,101,115,92,85,73,92,73,110,71,97,109,101,92,83,107,105,108,108,73,99,111,110,92,84,95,85,73,95,83,107,105,108,108,95,76,101,97,102,72,117,114,114,105,99,97,110,101,95,66,67,46,112,110,103],[46,46,47,98,105,110,47,114,101,115,111,117,114,99,101,115,47,116,101,120,116,117,114,101,115,92,85,73,92,73,110,71,97,109,101,92,83,107,105,108,108,73,99,111,110,92,84,95,85,73,95,83,80,95,77,97,115,115,105,118,101,82,97,115,101,110,103,97,110,95,66,67,46,112,110,103],[46,46,47,98,105,110,47,114,101,115,111,117,114,99,101,115,47,116,101,120,116,117,114,101,115,92,85,73,92,73,110,71,97,109,101,92,83,107,105,108,108,73,99,111,110,92,83,107,105,108,108,95,73,99,111,110,92,84,95,85,73,95,83,107,105,108,108,95,65,109,97,116,101,114,97,115,117,95,66,67,46,112,110,103],[46,46,47,98,105,110,47,114,101,115,111,117,114,99,101,115,47,116,101,120,116,117,114,101,115,92,85,73,92,73,110,71,97,109,101,92,83,107,105,108,108,73,99,111,110,92,83,107,105,108,108,95,73,99,111,110,92,84,95,85,73,95,83,107,105,108,108,95,70,108,121,105,110,103,82,97,105,106,105,110,95,66,67,46,112,110,103],[46,46,47,98,105,110,47,114,101,115,111,117,114,99,101,115,47,116,101,120,116,117,114,101,115,92,85,73,92,73,110,71,97,109,101,92,83,107,105,108,108,73,99,111,110,92,83,107,105,108,108,95,73,99,111,110,92,84,95,85,73,95,83,107,105,108,108,95,76,105,103,104,116,110,105,110,103,66,108,97,100,101,95,66,67,46,112,110,103],[46,46,47,98,105,110,47,114,101,115,111,117,114,99,101,115,47,116,101,120,116,117,114,101,115,92,85,73,92,73,110,71,97,109,101,92,83,107,105,108,108,73,99,111,110,92,83,107,105,108,108,95,73,99,111,110,92,84,95,85,73,95,83,107,105,108,108,95,76,105,103,104,116,110,105,110,103,83,116,114,105,107,101,95,66,67,46,112,110,103],[46,46,47,98,105,110,47,114,101,115,111,117,114,99,101,115,47,116,101,120,116,117,114,101,115,92,85,73,92,73,110,71,97,109,101,92,83,107,105,108,108,73,99,111,110,92,83,107,105,108,108,95,73,99,111,110,92,84,95,85,73,95,83,107,105,108,108,95,80,97,108,109,82,111,116,97,116,105,111,110,95,66,67,46,112,110,103],[46,46,47,98,105,110,47,114,101,115,111,117,114,99,101,115,47,116,101,120,116,117,114,101,115,92,85,73,92,73,110,71,97,109,101,92,83,107,105,108,108,73,99,111,110,92,83,107,105,108,108,95,73,99,111,110,92,84,95,85,73,95,83,107,105,108,108,95,83,104,97,114,105,110,103,97,110,95,66,67,46,112,110,103],[46,46,47,98,105,110,47,114,101,115,111,117,114,99,101,115,47,116,101,120,116,117,114,101,115,92,85,73,92,73,110,71,97,109,101,92,83,107,105,108,108,73,99,111,110,92,83,107,105,108,108,95,73,99,111,110,92,84,95,85,73,95,83,107,105,108,108,95,84,114,117,101,82,97,115,101,110,83,104,117,114,105,107,101,110,95,66,67,46,112,110,103],[46,46,47,98,105,110,47,114,101,115,111,117,114,99,101,115,47,116,101,120,116,117,114,101,115,92,85,73,92,73,110,71,97,109,101,92,83,107,105,108,108,73,99,111,110,92,83,80,95,73,99,111,110,92,84,95,85,73,95,83,107,105,108,108,95,75,105,114,105,110,95,66,67,46,112,110,103],[46,46,47,98,105,110,47,114,101,115,111,117,114,99,101,115,47,116,101,120,116,117,114,101,115,92,85,73,92,73,110,71,97,109,101,92,83,107,105,108,108,73,99,111,110,92,83,80,95,73,99,111,110,92,84,95,85,73,95,83,80,95,68,50,49,78,74,51,95,66,67,46,112,110,103],[46,46,47,98,105,110,47,114,101,115,111,117,114,99,101,115,47,116,101,120,116,117,114,101,115,92,85,73,92,73,110,71,97,109,101,92,83,107,105,108,108,73,99,111,110,92,83,80,95,73,99,111,110,92,84,95,85,73,95,83,80,95,75,105,114,105,110,95,66,67,46,112,110,103],[46,46,47,98,105,110,47,114,101,115,111,117,114,99,101,115,47,116,101,120,116,117,114,101,115,92,85,73,92,73,110,71,97,109,101,92,83,107,105,108,108,73,99,111,110,92,83,80,95,73,99,111,110,92,84,95,85,73,95,83,80,95,76,105,103,104,116,110,105,110,103,83,116,121,108,101,67,104,97,107,114,97,95,66,67,46,112,110,103],[46,46,47,98,105,110,47,114,101,115,111,117,114,99,101,115,47,116,101,120,116,117,114,101,115,92,85,73,92,73,110,71,97,109,101,92,83,107,105,108,108,73,99,111,110,92,83,80,95,73,99,111,110,92,84,95,85,73,95,83,80,95,83,117,115,97,110,111,70,108,97,109,101,67,111,110,116,114,111,108,95,66,67,46,112,110,103],[46,46,47,98,105,110,47,114,101,115,111,117,114,99,101,115,47,116,101,120,116,117,114,101,115,92,85,73,92,73,110,71,97,109,101,92,83,107,105,108,108,73,99,111,110,92,83,80,95,73,99,111,110,92,84,95,85,73,95,83,80,95,87,97,116,101,114,80,114,105,115,111,110,95,66,67,46,112,110,103],[46,46,47,98,105,110,47,114,101,115,111,117,114,99,101,115,47,116,101,120,116,117,114,101,115,92,85,73,92,73,110,71,97,109,101,92,83,107,105,108,108,73,99,111,110,92,83,107,105,108,108,95,73,99,111,110,92,84,95,85,73,95,83,107,105,108,108,95,84,111,114,110,97,100,111,72,105,103,104,95,66,67,46,112,110,103],[46,46,47,98,105,110,47,114,101,115,111,117,114,99,101,115,47,116,101,120,116,117,114,101,115,92,85,73,92,73,110,71,97,109,101,92,83,107,105,108,108,73,99,111,110,92,83,107,105,108,108,95,73,99,111,110,92,84,95,85,73,95,83,107,105,108,108,95,83,117,109,109,111,110,70,114,111,103,95,66,67,46,112,110,103],[46,46,47,98,105,110,47,114,101,115,111,117,114,99,101,115,47,116,101,120,116,117,114,101,115,92,85,73,92,73,110,71,97,109,101,92,83,107,105,108,108,73,99,111,110,92,83,107,105,108,108,95,73,99,111,110,92,84,95,85,73,95,83,107,105,108,108,95,83,104,97,114,107,66,111,109,98,95,66,67,46,112,110,103]],"tFadeDesc":[0,0,0,0,4,0,0,0,1,0,-4,-123,0,0,-128,63,0,0,-128,63,0,0,-128,63,0,0,-128,63,0,0,-128,63,53,0,0,0],"tPhysics":[0,0,0,0,0,0,0,0,0,0,0,0,0,0,0,0,0,0,0,0,0,0,0,0,0,0,0,0,0,0,0,0,0,0,0,0,0,0,0,0,0,0,0,0,0,0,0,0,0,0,0,0,0,0,-64,63,-51,-52,28,65,0,0,0,0],"vScale":[53.0,53.0,0.0,1.0]}
