{"iCurPass":1,"iCurTextureIndex":0,"matWorld":[[65.0,0.0,0.0,0.0],[0.0,65.0,0.0,0.0],[0.0,0.0,0.0,0.0],[491.376953125,-267.0,0.10000000149011612,1.0]],"strTextureFilePath":[[46,46,47,98,105,110,47,114,101,115,111,117,114,99,101,115,47,116,101,120,116,117,114,101,115,92,85,73,92,73,110,71,97,109,101,92,104,117,100,92,84,95,85,73,95,83,107,105,108,108,95,71,97,117,103,101,95,66,97,115,101,95,66,67,46,112,110,103]],"tFadeDesc":[0,0,0,0,4,0,0,0,1,0,-4,-123,0,0,-128,63,0,0,-128,63,0,0,-128,63,0,0,-128,63,0,0,-128,63,53,0,0,0],"tPhysics":[0,0,0,0,0,0,0,0,0,0,0,0,0,0,0,0,0,0,0,0,0,0,0,0,0,0,0,0,0,0,0,0,0,0,0,0,0,0,0,0,0,0,0,0,0,0,0,0,0,0,0,0,0,0,-64,63,-51,-52,28,65,0,0,0,0],"vScale":[65.0,65.0,0.0,1.0]}
