{"iCurPass":1,"iCurTextureIndex":0,"matWorld":[[209.83599853515625,0.0,0.0,0.0],[0.0,163.60699462890625,0.0,0.0],[0.0,0.0,0.0,0.0],[275.3280029296875,157.53900146484375,0.30000001192092896,1.0]],"strTextureFilePath":[[46,46,47,98,105,110,47,114,101,115,111,117,114,99,101,115,47,116,101,120,116,117,114,101,115,92,85,73,92,73,110,71,97,109,101,92,67,111,109,98,111,92,84,95,85,73,95,75,79,95,66,71,95,66,67,46,100,100,115]],"tFadeDesc":[0,0,0,0,4,0,0,0,2,1,-4,-123,0,0,0,0,-51,-52,-52,61,-51,-52,-52,61,0,0,0,64,0,0,-128,63,21,0,0,0],"tPhysics":[0,0,0,0,0,0,0,0,0,0,0,0,0,0,0,0,0,0,0,0,0,0,0,0,0,0,0,0,0,0,0,0,0,0,0,0,0,0,0,0,0,0,0,0,0,0,0,0,0,0,0,0,0,0,-64,63,-51,-52,28,65,0,0,0,0],"vScale":[209.83599853515625,163.60699462890625,0.0,1.0]}
