{"iCurPass":1,"iCurTextureIndex":1,"matWorld":[[1133.114990234375,0.0,0.0,0.0],[0.0,230.16400146484375,0.0,0.0],[0.0,0.0,0.0,0.0],[0.0,0.0,0.0,1.0]],"strTextureFilePath":[[46,46,47,98,105,110,47,114,101,115,111,117,114,99,101,115,47,116,101,120,116,117,114,101,115,92,85,73,92,73,110,71,97,109,101,92,67,111,109,98,111,92,84,95,85,73,95,65,110,110,111,117,110,99,101,95,87,105,110,95,66,67,95,76,79,67,76,46,112,110,103]],"tFadeDesc":[2,0,0,0,1,0,0,0,1,1,-52,-52,0,0,0,0,0,0,-128,62,-51,-52,76,62,0,0,0,64,0,0,0,0,21,0,0,0],"tPhysics":[0,0,0,0,0,0,0,0,0,0,0,0,0,0,0,0,0,0,0,0,0,0,0,0,0,0,0,0,0,0,0,0,0,0,0,0,0,0,0,0,0,0,0,0,0,0,0,0,0,0,0,0,0,0,-64,63,-51,-52,28,65,0,0,0,0],"vScale":[1133.114990234375,230.16400146484375,0.0,1.0]}
