{"iCurPass":1,"iCurTextureIndex":0,"matWorld":[[393.7699890136719,0.0,0.0,0.0],[0.0,91.14800262451172,0.0,0.0],[0.0,0.0,0.0,0.0],[-434.91998291015625,309.9329833984375,0.10000000149011612,1.0]],"strTextureFilePath":[[46,46,47,98,105,110,47,114,101,115,111,117,114,99,101,115,47,116,101,120,116,117,114,101,115,92,85,73,92,73,110,71,97,109,101,92,72,112,66,97,114,92,84,95,85,73,95,66,111,115,115,95,71,97,117,103,101,49,46,112,110,103]],"tFadeDesc":[0,0,0,0,4,0,0,0,1,2,-52,-52,0,0,0,0,0,0,0,63,0,0,0,63,0,0,0,0,0,0,-128,63,21,0,0,0],"tPhysics":[0,0,0,0,0,0,0,0,0,0,0,0,0,0,0,0,0,0,0,0,0,0,0,0,0,0,0,0,0,0,0,0,0,0,0,0,0,0,0,0,0,0,0,0,0,0,0,0,0,0,0,0,0,0,-64,63,-51,-52,28,65,0,0,0,0],"vScale":[393.7699890136719,91.14800262451172,0.0,1.0]}
