{"iCurPass":1,"iCurTextureIndex":1,"matWorld":[[409.17999267578125,0.0,0.0,0.0],[0.0,271.4750061035156,0.0,0.0],[0.0,0.0,0.0,0.0],[0.0,0.0,0.20000000298023224,1.0]],"strTextureFilePath":[[46,46,47,98,105,110,47,114,101,115,111,117,114,99,101,115,47,116,101,120,116,117,114,101,115,92,85,73,92,73,110,71,97,109,101,92,77,105,115,115,105,111,110,92,84,95,85,73,95,65,110,110,111,117,110,99,101,95,87,105,110,66,71,95,66,67,46,112,110,103]],"tFadeDesc":[0,0,0,0,1,0,0,0,1,1,-52,-52,0,0,0,0,0,0,-128,62,-51,-52,76,62,0,0,0,64,0,0,0,0,21,0,0,0],"tPhysics":[0,0,0,0,0,0,0,0,0,0,0,0,0,0,0,0,0,0,0,0,0,0,0,0,0,0,0,0,0,0,0,0,0,0,0,0,0,0,0,0,0,0,0,0,0,0,0,0,0,0,0,0,0,0,-64,63,-51,-52,28,65,0,0,0,0],"vScale":[409.17999267578125,271.4750061035156,0.0,1.0]}
