{"iCurPass":1,"iCurTextureIndex":2,"matWorld":[[1200.0,0.0,0.0,0.0],[0.0,30.0,0.0,0.0],[0.0,0.0,0.0,0.0],[496.345947265625,-189.85400390625,0.0,1.0]],"strTextureFilePath":[[46,46,47,98,105,110,47,114,101,115,111,117,114,99,101,115,47,116,101,120,116,117,114,101,115,92,85,73,92,83,119,105,116,99,104,84,121,112,101,92,83,116,121,108,101,95,84,101,120,116,95,48,46,112,110,103],[46,46,47,98,105,110,47,114,101,115,111,117,114,99,101,115,47,116,101,120,116,117,114,101,115,92,85,73,92,83,119,105,116,99,104,84,121,112,101,92,83,116,121,108,101,95,84,101,120,116,95,49,46,112,110,103],[46,46,47,98,105,110,47,114,101,115,111,117,114,99,101,115,47,116,101,120,116,117,114,101,115,92,85,73,92,83,119,105,116,99,104,84,121,112,101,92,83,116,121,108,101,95,84,101,120,116,95,50,46,112,110,103]],"tFadeDesc":[1,0,0,0,4,0,0,0,1,2,-52,-52,0,0,0,0,-102,-103,-103,62,-102,-103,-103,62,0,0,0,0,0,0,-128,63,21,0,0,0],"tPhysics":[0,0,0,0,0,0,0,0,0,0,0,0,0,0,0,0,0,0,0,0,0,0,0,0,0,0,0,0,0,0,0,0,0,0,0,0,0,0,0,0,0,0,0,0,0,0,0,0,0,0,0,0,0,0,-64,63,-51,-52,28,65,0,0,0,0],"vScale":[1200.0,30.0,0.0,1.0]}
