{"iCurPass":14,"iCurTextureIndex":0,"matWorld":[[317.53277587890625,646.1988525390625,0.0,0.0],[-646.1988525390625,317.53277587890625,0.0,0.0],[0.0,0.0,0.0,0.0],[0.0,0.0,0.0,1.0]],"strTextureFilePath":[[46,46,47,98,105,110,47,114,101,115,111,117,114,99,101,115,47,116,101,120,116,117,114,101,115,92,85,73,92,84,95,87,69,80,95,69,102,102,95,68,51,51,78,74,51,95,48,51,95,77,46,100,100,115],[46,46,47,98,105,110,47,114,101,115,111,117,114,99,101,115,47,116,101,120,116,117,114,101,115,92,85,73,92,84,95,87,69,80,95,69,102,102,95,68,51,51,78,74,51,95,48,49,95,66,67,46,100,100,115]],"tFadeDesc":[0,0,0,0,1,0,0,0,3,2,-52,-52,0,0,0,0,0,0,-128,63,-102,-103,-103,62,0,0,0,0,0,0,-128,63,21,0,0,0],"tPhysics":[0,0,0,0,0,0,0,0,0,0,0,0,0,0,0,0,0,0,0,0,0,0,0,0,0,0,-128,63,0,0,0,0,0,0,0,0,-51,-52,76,62,0,0,0,0,0,0,0,0,0,0,0,0,0,0,-64,63,-51,-52,28,65,0,0,0,0],"vScale":[720.0,720.0,0.0,1.0]}
