{"iCurPass":1,"iCurTextureIndex":0,"matWorld":[[519.6719970703125,0.0,0.0,0.0],[0.0,398.3599853515625,0.0,0.0],[0.0,0.0,0.0,0.0],[0.0,35.410003662109375,0.0,1.0]],"strTextureFilePath":[[46,46,47,98,105,110,47,114,101,115,111,117,114,99,101,115,47,116,101,120,116,117,114,101,115,92,85,73,92,98,97,110,100,97,105,46,112,110,103],[46,46,47,98,105,110,47,114,101,115,111,117,114,99,101,115,47,116,101,120,116,117,114,101,115,92,85,73,92,117,110,114,101,97,108,46,112,110,103],[46,46,47,98,105,110,47,114,101,115,111,117,114,99,101,115,47,116,101,120,116,117,114,101,115,92,85,73,92,74,117,115,105,110,95,76,111,103,111,95,48,46,112,110,103]],"tFadeDesc":[0,0,0,0,2,0,0,0,1,1,-52,-52,0,0,-128,63,0,0,-128,63,0,0,-128,63,0,0,0,64,-97,28,-68,-75,53,0,0,0],"tPhysics":[0,0,0,0,0,0,0,0,0,0,0,0,0,0,0,0,0,0,0,0,0,0,0,0,0,0,0,0,0,0,0,0,0,0,0,0,0,0,0,0,0,0,0,0,0,0,0,0,0,0,0,0,0,0,-128,64,-51,-52,28,65,0,0,0,0],"vScale":[519.6719970703125,398.3599853515625,0.0,1.0]}
