{"iCurPass":1,"iCurTextureIndex":1,"matWorld":[[913.114990234375,0.0,0.0,0.0],[0.0,61.96699905395508,0.0,0.0],[0.0,0.0,0.0,0.0],[26.22998046875,-280.3280029296875,0.0,1.0]],"strTextureFilePath":[[46,46,47,98,105,110,47,114,101,115,111,117,114,99,101,115,47,116,101,120,116,117,114,101,115,92,85,73,92,84,105,116,108,101,77,101,110,117,92,107,111,92,84,95,85,73,95,84,105,116,108,101,77,101,110,117,95,67,111,112,121,114,105,103,104,116,95,66,67,95,76,79,67,76,46,112,110,103]],"tFadeDesc":[0,0,0,0,0,-52,-52,-52,0,0,-128,64,0,0,-128,63,0,0,-128,63,0,0,0,0,53,0,0,0],"tPhysics":[0,0,0,0,0,0,0,0,0,0,0,0,0,0,0,0,0,0,0,0,0,0,0,0,0,0,0,0,0,0,0,0,0,0,0,0,0,0,0,0,0,0,0,0,0,0,0,0,0,0,0,0,0,0,-128,64,-51,-52,28,65,0,0,0,0],"vScale":[913.114990234375,61.96699905395508,0.0,1.0]}
