{"iCurPass":1,"iCurTextureIndex":1,"matWorld":[[1038.68798828125,0.0,0.0,0.0],[0.0,259.6719970703125,0.0,0.0],[0.0,0.0,0.0,0.0],[0.0,115.08200073242188,0.30000001192092896,1.0]],"strTextureFilePath":[[46,46,47,98,105,110,47,114,101,115,111,117,114,99,101,115,47,116,101,120,116,117,114,101,115,92,85,73,92,84,105,116,108,101,77,101,110,117,92,84,95,85,73,95,84,105,116,108,101,77,101,110,117,95,76,111,103,111,95,66,67,95,76,79,67,76,46,112,110,103]],"tFadeDesc":[2,0,0,0,4,0,0,0,2,2,-52,-52,0,0,-64,63,-51,-52,76,62,-51,-52,76,62,0,0,0,0,0,0,-128,63,21,0,0,0],"tPhysics":[0,0,0,0,0,0,0,0,0,0,0,0,0,0,0,0,0,0,0,0,0,0,0,0,0,0,0,0,0,0,0,0,0,0,0,0,0,0,0,0,0,0,0,0,0,0,0,0,0,0,0,0,0,0,-128,64,-51,-52,28,65,0,0,0,0],"vScale":[1038.68798828125,259.6719970703125,0.0,1.0]}
