{"iCurPass":1,"iCurTextureIndex":1,"matWorld":[[687.541015625,0.0,0.0,0.0],[0.0,102.95099639892578,0.0,0.0],[0.0,0.0,0.0,0.0],[20.9840087890625,-126.885009765625,0.0,1.0]],"strTextureFilePath":[[46,46,47,98,105,110,47,114,101,115,111,117,114,99,101,115,47,116,101,120,116,117,114,101,115,92,85,73,92,84,105,116,108,101,77,101,110,117,92,84,105,116,108,101,77,101,110,117,65,110,105,109,101,69,120,112,111,92,84,101,120,116,117,114,101,115,92,84,95,85,73,95,84,105,116,108,101,77,101,110,117,95,66,117,116,116,111,110,95,84,101,120,116,95,66,67,95,76,79,67,76,46,112,110,103]],"tFadeDesc":[0,0,0,0,0,-52,-52,-52,0,0,-64,64,0,0,-128,63,0,0,-128,63,0,0,0,0,53,0,0,0],"tPhysics":[0,0,0,0,0,0,0,0,0,0,0,0,0,0,0,0,0,0,0,0,0,0,0,0,0,0,0,0,0,0,0,0,0,0,0,0,0,0,0,0,0,0,0,0,0,0,0,0,0,0,0,0,0,0,-128,64,-51,-52,28,65,0,0,0,0],"vScale":[687.541015625,102.95099639892578,0.0,1.0]}
