{"iCurPass":1,"iCurTextureIndex":1,"matWorld":[[199.6719970703125,0.0,0.0,0.0],[0.0,100.0,0.0,0.0],[0.0,0.0,0.0,0.0],[-514.0989990234375,-295.08197021484375,0.0,1.0]],"strTextureFilePath":[[46,46,47,98,105,110,47,114,101,115,111,117,114,99,101,115,47,116,101,120,116,117,114,101,115,92,85,73,92,84,105,116,108,101,77,101,110,117,92,107,111,92,84,95,85,73,95,84,105,116,108,101,77,101,110,117,95,66,111,114,117,116,111,95,76,79,67,76,46,112,110,103]],"tFadeDesc":[0,0,0,0,0,-52,-52,-52,0,0,-128,64,0,0,-128,63,0,0,-128,63,0,0,0,0,53,0,0,0],"tPhysics":[0,0,0,0,0,0,0,0,0,0,0,0,0,0,0,0,0,0,0,0,0,0,0,0,0,0,0,0,0,0,0,0,0,0,0,0,0,0,0,0,0,0,0,0,0,0,0,0,0,0,0,0,0,0,-128,64,-51,-52,28,65,0,0,0,0],"vScale":[199.6719970703125,100.0,0.0,1.0]}
