{"iCurPass":3,"iCurTextureIndex":1,"matWorld":[[1038.68798828125,0.0,0.0,0.0],[0.0,324.59100341796875,0.0,0.0],[0.0,0.0,0.0,0.0],[-16.2459716796875,112.22999572753906,0.4000000059604645,1.0]],"strTextureFilePath":[[46,46,47,98,105,110,47,114,101,115,111,117,114,99,101,115,47,116,101,120,116,117,114,101,115,92,85,73,92,84,105,116,108,101,77,101,110,117,92,84,95,85,73,95,84,105,116,108,101,77,101,110,117,95,70,108,97,114,101,95,66,67,46,112,110,103]],"tFadeDesc":[0,0,0,0,4,0,0,0,1,1,-52,-52,0,0,0,63,0,0,0,63,0,0,0,63,-102,-103,-103,62,15,69,-103,61,53,0,0,0],"tPhysics":[0,0,0,0,0,0,0,0,0,0,0,0,0,0,0,0,0,0,0,0,0,0,0,0,0,0,0,0,0,0,0,0,0,0,0,0,0,0,0,0,0,0,0,0,0,0,0,0,0,0,0,0,0,0,-128,64,-51,-52,28,65,0,0,0,0],"vScale":[1038.68798828125,324.59100341796875,0.0,1.0]}
