{"iCurPass":1,"iCurTextureIndex":1,"matWorld":[[167.86900329589844,0.0,0.0,0.0],[0.0,79.6729965209961,0.0,0.0],[0.0,0.0,0.0,0.0],[-519.343994140625,-300.1810302734375,0.20000000298023224,1.0]],"strTextureFilePath":[[46,46,47,98,105,110,47,114,101,115,111,117,114,99,101,115,47,116,101,120,116,117,114,101,115,92,85,73,92,84,105,116,108,101,77,101,110,117,92,107,111,92,84,95,85,73,95,84,105,116,108,101,77,101,110,117,95,66,111,114,117,116,111,95,76,79,67,76,46,112,110,103]],"tFadeDesc":[0,0,0,0,4,0,0,0,2,2,-52,-52,0,0,0,64,0,0,0,63,0,0,0,63,0,0,0,0,0,0,-128,63,21,0,0,0],"tPhysics":[0,0,0,0,0,0,0,0,0,0,0,0,0,0,0,0,0,0,0,0,0,0,0,0,0,0,0,0,0,0,0,0,0,0,0,0,0,0,0,0,0,0,0,0,0,0,0,0,0,0,0,0,0,0,-128,64,-51,-52,28,65,0,0,0,0],"vScale":[167.86900329589844,79.6729965209961,0.0,1.0]}
