{"iCurPass":1,"iCurTextureIndex":1,"matWorld":[[781.6389770507813,0.0,0.0,0.0],[0.0,118.03399658203125,0.0,0.0],[0.0,0.0,0.0,0.0],[14.802978515625,-123.93499755859375,0.20000000298023224,1.0]],"strTextureFilePath":[[46,46,47,98,105,110,47,114,101,115,111,117,114,99,101,115,47,116,101,120,116,117,114,101,115,92,85,73,92,84,105,116,108,101,77,101,110,117,92,84,105,116,108,101,77,101,110,117,65,110,105,109,101,69,120,112,111,92,84,101,120,116,117,114,101,115,92,84,95,85,73,95,84,105,116,108,101,77,101,110,117,95,66,117,116,116,111,110,95,84,101,120,116,95,66,67,95,76,79,67,76,46,112,110,103]],"tFadeDesc":[0,0,0,0,4,0,0,0,2,2,-52,-52,-51,-52,12,64,0,0,0,63,0,0,0,63,0,0,0,0,0,0,-128,63,21,0,0,0],"tPhysics":[0,0,0,0,0,0,0,0,0,0,0,0,0,0,0,0,0,0,0,0,0,0,0,0,0,0,0,0,0,0,0,0,0,0,0,0,0,0,0,0,0,0,0,0,0,0,0,0,0,0,0,0,0,0,-128,64,-51,-52,28,65,0,0,0,0],"vScale":[781.6389770507813,118.03399658203125,0.0,1.0]}
