{"iCurPass":1,"iCurTextureIndex":1,"matWorld":[[781.6389770507813,0.0,0.0,0.0],[0.0,118.03399658203125,0.0,0.0],[0.0,0.0,0.0,0.0],[14.802978515625,-123.93499755859375,0.30000001192092896,1.0]],"strTextureFilePath":[[46,46,47,98,105,110,47,114,101,115,111,117,114,99,101,115,47,116,101,120,116,117,114,101,115,92,85,73,92,84,105,116,108,101,77,101,110,117,92,84,105,116,108,101,77,101,110,117,65,110,105,109,101,69,120,112,111,92,84,101,120,116,117,114,101,115,92,84,95,85,73,95,84,105,116,108,101,77,101,110,117,95,66,117,116,116,111,110,95,84,101,120,116,70,88,95,71,108,111,119,95,66,67,46,112,110,103]],"tFadeDesc":[0,0,0,0,4,0,0,0,1,1,-52,-52,0,0,-128,63,0,0,0,63,0,0,0,63,-102,-103,-103,62,4,-53,89,-76,21,0,0,0],"tPhysics":[0,0,0,0,0,0,0,0,0,0,0,0,0,0,0,0,0,0,0,0,0,0,0,0,0,0,0,0,0,0,0,0,0,0,0,0,0,0,0,0,0,0,0,0,0,0,0,0,0,0,0,0,0,0,-128,64,-51,-52,28,65,0,0,0,0],"vScale":[781.6389770507813,118.03399658203125,0.0,1.0]}
