{"iCurPass":3,"iCurTextureIndex":1,"matWorld":[[21.187158584594727,-218.97740173339844,0.0,0.0],[218.97740173339844,21.187158584594727,0.0,0.0],[0.0,0.0,0.0,0.0],[0.0,0.0,0.0,1.0]],"strTextureFilePath":[[46,46,47,98,105,110,47,114,101,115,111,117,114,99,101,115,47,116,101,120,116,117,114,101,115,92,85,73,92,73,110,71,97,109,101,92,84,97,114,103,101,116,92,84,95,85,73,95,84,97,114,103,101,116,67,117,114,115,111,108,95,69,102,102,101,99,116,49,46,112,110,103]],"tFadeDesc":[3,0,0,0,4,0,0,0,2,2,-52,-52,0,0,0,0,-51,-52,76,62,-51,-52,76,62,0,0,0,0,0,0,-128,63,21,0,0,0],"tPhysics":[0,0,0,0,0,0,0,0,0,0,0,0,0,0,0,0,0,0,0,0,0,0,0,0,0,0,-128,63,0,0,0,0,0,0,0,0,0,0,0,63,0,0,0,0,0,0,0,0,0,0,0,0,0,0,-64,63,-51,-52,28,65,0,0,0,0],"vScale":[220.0,220.0,0.0,1.0]}
